{
  "project_info": {
    "project_number": "401011437665",
    "firebase_url": "https://db-pothole-new.firebaseio.com",
    "project_id": "db-pothole-new",
    "storage_bucket": "db-pothole-new.appspot.com"
  },
  "client": [
    {
      "client_info": {
        "mobilesdk_app_id": "1:401011437665:android:71d2242e523473a133fa20",
        "android_client_info": {
          "package_name": "com.example.potholedetection"
        }
      },
      "oauth_client": [
        {
          "client_id": "401011437665-gv5updfuuervn61vhkjl9fqni8l8o3vi.apps.googleusercontent.com",
          "client_type": 3
        }
      ],
      "api_key": [
        {
          "current_key": "AIzaSyBe6vMMnzf4TRqhBhhzLLuteYCfdUygu-c"
        }
      ],
      "services": {
        "appinvite_service": {
          "other_platform_oauth_client": [
            {
              "client_id": "401011437665-gv5updfuuervn61vhkjl9fqni8l8o3vi.apps.googleusercontent.com",
              "client_type": 3
            }
          ]
        }
      }
    }
  ],
  "configuration_version": "1"
}